country,indicator,year,value
BRA,FP.CPI.TOTL.ZG,1981,101.725072957927
BRA,FP.CPI.TOTL.ZG,1982,100.54335919485
BRA,FP.CPI.TOTL.ZG,1983,135.027682230473
BRA,FP.CPI.TOTL.ZG,1984,192.121733132051
BRA,FP.CPI.TOTL.ZG,1985,225.989665211895
BRA,FP.CPI.TOTL.ZG,1986,147.142826237604
BRA,FP.CPI.TOTL.ZG,1987,228.336162575513
BRA,FP.CPI.TOTL.ZG,1988,629.114509120897
BRA,FP.CPI.TOTL.ZG,1989,1430.7237251472
BRA,FP.CPI.TOTL.ZG,1990,2947.732772483
BRA,FP.CPI.TOTL.ZG,1991,432.786661926461
BRA,FP.CPI.TOTL.ZG,1992,951.962053052818
BRA,FP.CPI.TOTL.ZG,1993,1927.38079016026
BRA,FP.CPI.TOTL.ZG,1994,2075.88839757325
BRA,FP.CPI.TOTL.ZG,1995,66.0070335542481
BRA,FP.CPI.TOTL.ZG,1996,15.7576656002606
BRA,FP.CPI.TOTL.ZG,1997,6.92671251629154
BRA,FP.CPI.TOTL.ZG,1998,3.19507629280052
BRA,FP.CPI.TOTL.ZG,1999,4.85844749902667
BRA,FP.CPI.TOTL.ZG,2000,7.04414105947266
BRA,FP.CPI.TOTL.ZG,2001,6.84035902487523
BRA,FP.CPI.TOTL.ZG,2002,8.45016437708331
BRA,FP.CPI.TOTL.ZG,2003,14.7149197228147
BRA,FP.CPI.TOTL.ZG,2004,6.59718509985963
BRA,FP.CPI.TOTL.ZG,2005,6.86953720898964
BRA,FP.CPI.TOTL.ZG,2006,4.18356812896909
BRA,FP.CPI.TOTL.ZG,2007,3.64127299102652
BRA,FP.CPI.TOTL.ZG,2008,5.67859390284168
BRA,FP.CPI.TOTL.ZG,2009,4.88803479876799
BRA,FP.CPI.TOTL.ZG,2010,5.03872690108075
BRA,FP.CPI.TOTL.ZG,2011,6.6364496221309
BRA,FP.CPI.TOTL.ZG,2012,5.40349914036997
BRA,FP.CPI.TOTL.ZG,2013,6.20431066640101
BRA,FP.CPI.TOTL.ZG,2014,6.32904015516139
BRA,FP.CPI.TOTL.ZG,2015,9.02990102416136
BRA,FP.CPI.TOTL.ZG,2016,8.73914352329393
BRA,FP.CPI.TOTL.ZG,2017,3.44637335032669
BRA,FP.CPI.TOTL.ZG,2018,3.66485028376729
BRA,FP.CPI.TOTL.ZG,2019,3.73297621216894
BRA,FP.CPI.TOTL.ZG,2020,3.21176803803376
BRA,FP.CPI.TOTL.ZG,2021,8.30165975585673
BRA,FP.CPI.TOTL.ZG,2022,9.28010608956873
BRA,FP.CPI.TOTL.ZG,2023,4.59356282283204
BRA,FP.CPI.TOTL.ZG,2024,4.36746407652337
BRA,FP.CPI.TOTL.ZG,2025,5.01675279604836
