country,indicator,year,value
BRA,NY.GDP.MKTP.KD.ZG,1961,8.60000000000014
BRA,NY.GDP.MKTP.KD.ZG,1962,6.59999999999992
BRA,NY.GDP.MKTP.KD.ZG,1963,0.600000000000065
BRA,NY.GDP.MKTP.KD.ZG,1964,3.39999999999985
BRA,NY.GDP.MKTP.KD.ZG,1965,2.40000000000001
BRA,NY.GDP.MKTP.KD.ZG,1966,6.7000000000001
BRA,NY.GDP.MKTP.KD.ZG,1967,4.2
BRA,NY.GDP.MKTP.KD.ZG,1968,9.79999999999998
BRA,NY.GDP.MKTP.KD.ZG,1969,9.49999999999993
BRA,NY.GDP.MKTP.KD.ZG,1970,10.4
BRA,NY.GDP.MKTP.KD.ZG,1971,11.3429219931908
BRA,NY.GDP.MKTP.KD.ZG,1972,11.9403481162508
BRA,NY.GDP.MKTP.KD.ZG,1973,13.9687217796782
BRA,NY.GDP.MKTP.KD.ZG,1974,8.15393868457201
BRA,NY.GDP.MKTP.KD.ZG,1975,5.16664908406321
BRA,NY.GDP.MKTP.KD.ZG,1976,10.2571295347867
BRA,NY.GDP.MKTP.KD.ZG,1977,4.93432806978961
BRA,NY.GDP.MKTP.KD.ZG,1978,4.96989768924738
BRA,NY.GDP.MKTP.KD.ZG,1979,6.7595601220408
BRA,NY.GDP.MKTP.KD.ZG,1980,9.19999999999976
BRA,NY.GDP.MKTP.KD.ZG,1981,-4.24999999999956
BRA,NY.GDP.MKTP.KD.ZG,1982,0.829999999999529
BRA,NY.GDP.MKTP.KD.ZG,1983,-2.92999999999996
BRA,NY.GDP.MKTP.KD.ZG,1984,5.39999999999988
BRA,NY.GDP.MKTP.KD.ZG,1985,7.85000000000042
BRA,NY.GDP.MKTP.KD.ZG,1986,7.48999999999982
BRA,NY.GDP.MKTP.KD.ZG,1987,3.52999999999983
BRA,NY.GDP.MKTP.KD.ZG,1988,-0.059999999999917
BRA,NY.GDP.MKTP.KD.ZG,1989,3.16000000000032
BRA,NY.GDP.MKTP.KD.ZG,1990,-4.35000000000022
BRA,NY.GDP.MKTP.KD.ZG,1991,1.03218958549303
BRA,NY.GDP.MKTP.KD.ZG,1992,-0.54407204977727
BRA,NY.GDP.MKTP.KD.ZG,1993,4.9246900037071
BRA,NY.GDP.MKTP.KD.ZG,1994,5.85287036219013
BRA,NY.GDP.MKTP.KD.ZG,1995,4.22379363350413
BRA,NY.GDP.MKTP.KD.ZG,1996,2.20886405039022
BRA,NY.GDP.MKTP.KD.ZG,1997,3.39484598630671
BRA,NY.GDP.MKTP.KD.ZG,1998,0.338097901207306
BRA,NY.GDP.MKTP.KD.ZG,1999,0.467937566477133
BRA,NY.GDP.MKTP.KD.ZG,2000,4.38794944745618
BRA,NY.GDP.MKTP.KD.ZG,2001,1.38989640095637
BRA,NY.GDP.MKTP.KD.ZG,2002,3.05346185909312
BRA,NY.GDP.MKTP.KD.ZG,2003,1.14082899824888
BRA,NY.GDP.MKTP.KD.ZG,2004,5.75996463670954
BRA,NY.GDP.MKTP.KD.ZG,2005,3.20213206130431
BRA,NY.GDP.MKTP.KD.ZG,2006,3.96198871122617
BRA,NY.GDP.MKTP.KD.ZG,2007,6.06987060678338
BRA,NY.GDP.MKTP.KD.ZG,2008,5.09419544658736
BRA,NY.GDP.MKTP.KD.ZG,2009,-0.125812002161169
BRA,NY.GDP.MKTP.KD.ZG,2010,7.52822581815364
BRA,NY.GDP.MKTP.KD.ZG,2011,3.97442307944702
BRA,NY.GDP.MKTP.KD.ZG,2012,1.92117598576537
BRA,NY.GDP.MKTP.KD.ZG,2013,3.00482266944432
BRA,NY.GDP.MKTP.KD.ZG,2014,0.503955740242247
BRA,NY.GDP.MKTP.KD.ZG,2015,-3.54576339269425
BRA,NY.GDP.MKTP.KD.ZG,2016,-3.27591690782192
BRA,NY.GDP.MKTP.KD.ZG,2017,1.32286905404399
BRA,NY.GDP.MKTP.KD.ZG,2018,1.783666761634
BRA,NY.GDP.MKTP.KD.ZG,2019,1.22077782360842
BRA,NY.GDP.MKTP.KD.ZG,2020,-3.2767587964736
BRA,NY.GDP.MKTP.KD.ZG,2021,4.76260437908608
BRA,NY.GDP.MKTP.KD.ZG,2022,3.01669435393015
BRA,NY.GDP.MKTP.KD.ZG,2023,3.24165532906981
BRA,NY.GDP.MKTP.KD.ZG,2024,3.41931516501906
BRA,NY.GDP.MKTP.KD.ZG,2025,2.2857464902475
